qknyip,hmmm,YextFE,hmmm
qko11c,hmmm,YextFE,hmmm
qkn6yk,hmmm,YextFE,hmmm
qkwjlu,hmmm,Wine49,hmmm
qkh93z,hmmm,abaganoush,hmmm
qk8wyh,hmmm,YextFE,hmmm
aarg52,nihilistmemes,akka-vodol,An objectively pointless message to r/nihilistmemes
qi0q90,nihilistmemes,MagicChip39,It can be very comforting
qh79or,nihilistmemes,ojmorts,So Spooky!!
qdqgw6,doge,wowdogethedog,Alcina Dogetrescu
qktzap,wholesomememes,PrancingGophers,This happened multiple times today :)
qkwha6,wholesomememes,stressedmee,Thank you bees
qkmrqg,wholesomememes,djorndeman,Always looking out for eachother
qkomlg,wholesomememes,Einstein7-,Its like a last goodbye from all of the good times in school
qku5ke,wholesomememes,parlefrenglish,"Its not how much we give, but how much love we put into giving. Mother Teresa"
qk7v1b,reactionpics,jenna-talia069,Just in case someone cared
qilbsy,reactionpics,Ancientpainting68,Leia is done with your bullshit
qh52r9,reactionpics,SSJB_Coronus,Use for hesitation
qh8oq7,reactionpics,it-was,The confusion. The concern. The disgust. *chef's kiss*
qfzvny,reactionpics,Hentaisbeterthanporn,Use when someone says something hella unfunny
qfqi7k,reactionpics,shoopdahoop22,For the times when you need to show shock/disgust:
qk9lj4,reactionmemes,Lone_ronin8689,discord rule abuse
qklfzo,reactionmemes,IRandomPersona,Another combo meme
qkcv47,reactionmemes,Xnen22X,An interesting title
qj9fj0,reactionmemes,Marijuanaha,Deep down we all are
qika1s,reactionmemes,Marijuanaha,When you try for months and get the same results
qh5eyo,reactionmemes,it-was,tf...
qgm0h2,reactionmemes,IRandomPersona,I made a combo meme
q9zprr,dankmemes,ThunderDucc,"""Those who know/Those who don't"" is your September 2021 Meme of the Month!"
g5e8wg,dankindianmemes,Supreme_hotdog,-35$
g48ckc,dankindianmemes,memexsena7,"OC hai , don't steal mfs"
g3cuu4,dankindianmemes,Supreme_hotdog,Prince wapas aja
qklyv8,tinder,Motor_West,Tinder in a nutshell
qkqlhq,tinder,pre10ds2bsh0ked,You cant turn me on in one senten.
qkist4,tinder,falkonx24,For meet nd have nice diner with feeling
qklnao,tinder,inspectorgageit,Am I doing it right?
qkkshh,tinder,loveyaanya,"Becca and Spencer into that ""hole""-y tinder scene"
qkw3yt,tinder,Inner-Bumblebee5237,Is this an okay rejection? Just wasnt feelin it tbh
qkerx6,tinder,Civilian12Sancho,It was over before it ever began.
qkpmp6,tinder,AdSpecial9305,why am i ok with this
qhf5z8,memes,lobofett12,"Rule 10 - Absolutely no memes about death, tragedies, etc.. it is a permanent ban! This includes the Alec Baldwin tragedy. Nothing about people dying is funny and does not belong here."
qkv97h,memes,L0rd_Parzival,Thats quite unfortunate
qkwq8n,memes,Rede331,I am too powerful
qkym0i,memes,Tubbiefox,*sighs in gen alpha*
qkx88t,memes,The_Max_Gamer,"The question is, what thing in the world does not offend a Twitter user?"
qkwr3v,memes,GrumpMCPE,Theres always than one toxic player
qkwgas,memes,latinamiilfbabe,"Dont hire me if your not going to feed me, thank you."
qkyjvz,cursedcomments,endlsbs,Cursed gen z
qks8um,cursedcomments,sushi-thushie,Cursed_Horse
qky1kr,cursedcomments,sniper-get-sniped,cursed_NNN
qkwbbl,cursedcomments,Lazy-Chemistry-5476,Cursed movie suggestions
qkseln,cursedcomments,SosseKun,Cursed_Snoo
qkzcy5,cursedcomments,iamfi_ne,Cursed Abortion
qgzznw,cheemsburbgerlore,Scpluis,Me watching my 600-lb life
qkibqn,depression_memes,DanielleBerry56,"Thanks, friends"
qknzue,depression_memes,Revolutionary-Emu269,Pain
qkxw0i,depression_memes,rediiiee,Poof
qkyn0h,meme,Pandey0604,Please help quick
qkqn9v,meme,Kou_warchief,Please forgive me
qkyrs0,meme,Kooky-Topic-6879,But trains dont fly :(
qky9yx,meme,ryan_godzez,Boiling water
qkysh3,meme,Un_orthodocs,"Ferb, I know what we are doing tonight..."
qkmk3t,meme,r3aperShadow,Do you want a glass of water?
qkrwnk,meme,crashdaddy,"""I hate coming through this neighborhood"" -- Gazorpazorp probably"
qkmgwi,meme,whyFufu,Every single time
qkxoq4,meme,lampe_sama,NNN is easy
qkwiv3,dank,AlternativeFly4824,its hard to ride
qkwe2h,dank,Upper_Milk_3507,Beware someones watching.
qkwm6y,dank,Puzzleheaded-Chest42,Shifting the world time zones.
qkwcti,dank,Public-Magazine9004,Cringe pack next?
qk87ly,dank,EveningExtension9097,Stop raiding my base San woo
qk5kcc,dank,KzxHarvey,No N-Word
qk8eay,dank,Aggravating_Pop7443,uh-oh
qk8jpk,dank,VanillaStill6314,D. All of the above
qkuott,surrealmemes,HelloWaffles,He is but the one known to us as Za.
qkuelg,surrealmemes,_TrevorB_,Nautical November
qfolzs,Memes_Of_The_Dank,PsychoDaisy1,I definitely didnt think this thru
qfqvqk,Memes_Of_The_Dank,samongada,I don't know how but I managed to find my hotel room
qfqpvw,Memes_Of_The_Dank,Doomstoun1,Hard not to be a pirate these days
qfqatv,Memes_Of_The_Dank,TheActualDice,"Inspiring Yearbook Quotes, Day 4"
qfh3hb,Memes_Of_The_Dank,DankIndeed-,Tell
qfo73h,Memes_Of_The_Dank,LocoRope1,Also one of my favorite skits lol
qfqziu,Memes_Of_The_Dank,cmsmilesmemes,The Land Before Time
qfmhj0,Memes_Of_The_Dank,qwertyOpamen,Make a backflip
qjuyvw,okbuddyretard,Redditorsion,are you guys going trick or treating????? also... connect the dots.... see what you get....
qkks3v,okbuddyretard,DopeAir,"Normalized already, it's 2022 ffs "
qko602,okbuddyretard,1e4e52Nf3Nc63Bb5,Dixon cider 
qksxr2,okbuddyretard,officerRaven,drake 
qkp04o,okbuddyretard,asodsaf,plug walk
qkjajf,okbuddyretard,Sir-Pumpernickel,Hehehehehe take care of the british voiced baby
eatqu4,antimeme,,A guide of what to post
qkm6zo,antimeme,coimbres04,Interesting fact:
qkulb1,antimeme,DiracHeisenberg,Spaghetti
qkt6l5,antimeme,Wolfalpha_12,Chocolates be like:
qkc2v2,antimeme,GlassConcentrate3661,I love my job
qkvgzx,antimeme,VitalTrouble,This absolutely sums up the pokmon fan base in a nutshell
qksmov,antimeme,Alakandel,that is my brain... i think
qkefyd,antimeme,GlassDodecahedron,The Pokmon fan-base in a nutshell
qkm3ey,Indiangirlsontinder,Duty-Better,Bas 3 point?
qky6mv,Indiangirlsontinder,shrth114,"I don't get it, why type out a paragraph if you're just looking for insta followers? I'm going to swipe left anyway, so why waste both of our time?"
qk8drk,Indiangirlsontinder,SanskaariBOT,"From getting friendzoned in real life to getting friendzoned on Tinder, I have come a long way"
qk4jz8,Indiangirlsontinder,shrth114,"She's delightful, isn't she?"
qkvvrt,bakchodi,sharad959,I like my gay people dead
qkv68s,bakchodi,sharad959,HEARTBREAK 
qkjyf1,bakchodi,dillikasunnyyt,Sir Ria toh bhi baat kar rahi thi aapne usse toh nahi maara 
ql0935,bakchodi,dillikasunnyyt,Mummy aaj mujhe Anthony Gonsalves bulana verna Joseph ko pata chal jaayega.
qkavdn,bakchodi,bochan_kasukabe,Suspend ho gye h guyzz..
qk5dg9,bakchodi,InternetOfficer,samosa included? [OC]
qkzp3r,bakchodi,ChichaHalalMaulvi68,passing notes
qkw8et,IndianDankMemes,Strve-rogers-mcu,kitne aaye tumlogo ke
qkwykn,IndianDankMemes,NallaSimon,CID Open Up
qkylti,IndianDankMemes,PraxmoS,An interesting title
qkxerj,IndianDankMemes,Unlucky-Low9432,Ab harake dikhao
qkzhcf,IndianDankMemes,su5yam,Randomly found her instagram. This vid caught me off guard. I had to make this meme 
qkxgcd,IndianDankMemes,Siddharth11100,Take NNN seriously
qkjm3x,IndianDankMemes,Jeenius69,Dont Mess with Messi
pl8hjz,HolUp,realdukeatreides,your guide to holups
qj4dvj,HolUp,Holup_Moderator,Holup! Political posts are now banned
qkrosh,HolUp,Mace_Killer,What's the message in this.
qkus7b,HolUp,Emergency-Advice-469,Good suggestion?!
qkx3u1,HolUp,RomanticElegant9521,MF went hard 
qllni0,hmmm,YextFE,hmmm
qlq3ny,hmmm,rosevann,hmmm
qlf1os,hmmm,Wacky_Elevator_,hmmm
qlpnte,hmmm,FaptainFlunky,hmmm
ql1yl1,hmmm,seven_critical_blows,hmmm
qlfcbh,nihilistmemes,badrandolph,My favourite vintage
qlm9bl,wholesomememes,Supernova3200,How motivation actually works
qlcf0w,wholesomememes,xgodlesssaintx,I have one from 14 years ago.
qlh5om,wholesomememes,string2021,"I wanna share this holiday with you all, Feliz Da de los Muertos!"
qlceg3,wholesomememes,xgodlesssaintx,True homies.
qlunwj,wholesomememes,loffyllama,Sad things happen. But we don't need to live sad forever.
ql892x,reactionpics,Equivalent_Gap_1080,when they have no sense of humor
ql8bz6,reactionpics,Equivalent_Gap_1080,dont kill my vibe
qlhlx2,reactionmemes,Equivalent_Gap_1080,says it all
qlbw0l,reactionmemes,RaerXd69,sad emoji
qllc9j,reactionmemes,Old_Peach7587,Made it myself 
qlgkdi,reactionmemes,KalamariX,.
qlntej,dankmemes,MindstormAndy,The music industry has me smhing my head
qll7qe,tinder,toaster_express,Just gunna put this here
qlpcvs,tinder,iLuvHerpes,I mean at least shes honest
ql8vrb,tinder,blakeastone,Do your thing boys
qln4tr,tinder,cbrunsman,Bruh I aint paying for tinder gold!!
ql1seb,tinder,britishpianoboi,Found this on fb
ql8h13,tinder,Knighthearted11,"Aliens because physics, not skin color. Also its a joke"
qlq2ig,memes,CaptainMO10,I like your cut G
qlrbrc,memes,SilkyHonorableGod,Sleeping in a Slavic household be like
qlpztz,memes,SaturnSubliminals,You're welcome :D
qlrb11,memes,AdolfaHittle-sama,Just met one this morning
qlss0y,memes,JotrainGamer,The True Gender List
qlpkhq,cursedcomments,Wooden_Zanpakuto,Cursed finger
qlqcc1,cursedcomments,SGScoutAU,Cursed_sister
qlo87w,cursedcomments,just1clown_3,Cursed_Gender
qlqz8b,cursedcomments,Substantial-Lychee-4,cursed fart
qlqopg,cursedcomments,Edem03,Cursed_anime
qlrrij,cursedcomments,lewisnwkc,Cursed_Blind_People_Colours
qligzj,depression_memes,AchuRaichu42,So thats how my trauma first started
qlqyex,depression_memes,AlesanHD,I understand. I can't bear myself either
qln3ai,depression_memes,ewdumdum,it's getting bad again lol
qljqgg,meme,max9758,i'm one of those people
qlqej7,meme,Happy_Guy420,I never asked for this.
qlpm1v,meme,Abi_760,"Nice Try, Your Majesty."
qlqulw,meme,ryan_godzez,Snow-balls
qlmen8,meme,ZatVandal,an absolute travesty
qls34w,meme,Qumalo,What is it?
qlgyee,meme,CineMaMan360,nud 
qlsa0c,meme,bryanbuffoli,Well i guess.
qlmqw4,dank,LawfulnessOriginal68,Stfu Im watching porn
qlnh5l,dank,DistanceElectrical62,Dank
ql5emu,dank,Signal-Astronaut-647,Stay safe!
qlmrnt,dank,NeedleworkerClean942,Top of the morning. Top of the morning. Top of the morning.
qlea0p,dank,mr_kneeeegrow_69,NonStop Nut November
ql5nes,dank,FaithlessnessOdd7362,Pulled a little sneaky
ql5fxa,dank,EngineeringWorth3223,British museum
qliwk4,surrealmemes,saterran,"1, w"
qlhpjy,surrealmemes,soundlesssiren,physicists crying somewhere in the background
q5grut,okbuddyretard,Redditorsion,Drake memes have been BANNED until November 3rd of this year. WATCH THIS VIDEO TO FIND OUT HOW DRAKE DIED!!!!!!!!!!!!!!!!!!!!!!!!!!!!!!!!!!
qlo11n,okbuddyretard,ningfesty,Kids are so soft nowadays 
qleicu,okbuddyretard,Affectionate-Pin5541,Must have been the sussy imposter 
qlqrmh,okbuddyretard,DilanDuck,reddit do ur damn thing!1!1!!
qlge9a,okbuddyretard,goodlookingposter,ANIME 
qllxp9,okbuddyretard,ChartNext,Troll gone 
qlrzne,antimeme,FRTassassin,No pedos
qlja9p,antimeme,grenowee_perfume,I think this counts [credit: alyankovic]
qlnhbh,antimeme,Successful-Grab2760,that just makes me cry
qlo5ly,antimeme,thatoneboifrommars,I sure do!
qlp0oi,antimeme,TheFrogottenSoul,I mean yeah true
qlguxo,antimeme,H_IsForSad,"My friends hated it, Im proud of it"
ql6rqx,Indiangirlsontinder,default9987,Seek truth guys
qlkd7l,Indiangirlsontinder,happycow92,Dikhado!!!!
qlqon1,Indiangirlsontinder,azreususus,That does surprise me
qlkywr,Indiangirlsontinder,shrth114,"Thank you behn, very insightful."
qll3j8,bakchodi,THELORDREGENT,Throwback
qlpl15,bakchodi,Sri_Man_420,Hindoo-Yahudi Sazzish
qlqcni,bakchodi,martin_garrix14,brrrrr
qlpmbr,bakchodi,sharad959,I'm a misogynist
ql3tq8,bakchodi,extra_gobi_kodi,India in 2021:
qlafam,bakchodi,martin_garrix14,Kiske pass hai kya vo wala folder ??
qlrx5h,bakchodi,dillikasunnyyt,Sab aajao Vimal Zubaan kesari milega ek ek dabba.
qlnr9q,IndianDankMemes,shanmukhbillionare,The real OG
qlmj9o,IndianDankMemes,Penis_butter_69,Chad
qlq615,IndianDankMemes,LuckyHoonMain,Bahut bura hua vro
qlnym2,IndianDankMemes,SavagePool7,
qlq006,IndianDankMemes,thatlolulalit, dukhad 
qlr9ok,IndianDankMemes,SpunchbabSqorpants,I'm listening to Dr Driving theme song.
qlpcv7,IndianDankMemes,GojuGoju007,
qlq2an,HolUp,PhoenixOfTheDark,that's how villains are made
qlqmgj,HolUp,Evil_Lord_Skeletor,Nice.....But wait.
qlqrt0,HolUp,_dolphindododo_,Simple science
qlsux3,HolUp,NekvalitnyMato,Everything that could go wrong...did go wrong
qo9bst,hmmm,KacperPaw,hmmm
qoa5xk,hmmm,YextFE,hmmm
qnwqub,hmmm,YextFE,hmmm
qny5kp,hmmm,YextFE,hmmm
qoa5md,hmmm,YextFE,hmmm
qo75cw,hmmm,Saddundur,hmmm
qo1dyn,nihilistmemes,BeautifulAndrogyne,
qmjqby,nihilistmemes,Smiles427,Ok
qo859w,wholesomememes,that_doodleguy,My prayers [OC]
qoarqh,wholesomememes,Consistent_Yak_7187,I love them with all my heart.
qod3tf,wholesomememes,hauserd,The best day ever!
qo1p9g,wholesomememes,a_greasy_weasel,Always support the boys!
qo4ort,reactionpics,goustoff,Shocked godzilla
qmrzbr,reactionpics,TheShadowKing117,When your friend does something disgusting
qm26ds,reactionpics,SadCat102205,no need to get agressive
qnjkpc,reactionmemes,kateseaton3,dont cry
qmxo2j,reactionmemes,EnlilDB,Bruh
qn05tg,reactionmemes,tayfinity,One of my favorites!
qm276x,reactionmemes,SadCat102205,no need to get aggressive
qoawxy,dankmemes,TheEliteKoala1,Wdyd?
qobpcs,tinder,Robmeister01,This wasnt part of the plan 
qo4tt1,tinder,midnight-sins,Buddy sent me this
qoa5no,tinder,fireflies4l,He seems fun
qoajkc,tinder,redditthrowaway2020_,This will never not make me laugh
qocb7y,tinder,phoenixpoptart,"Very cool, thank you"
qo5yh0,tinder,feelingood41,As a mid 30 year old guy - this pretty much explains my experience on Tinder.
qo7hle,tinder,CleverestThrowaway,Risky swipe of the day?
qo7wwa,tinder,Mysterious_Ranger826,"We're in, boys"
qoehpm,memes,nachonation101,"If you are, how???"
qoemvo,memes,Left-Twix420,Its true
qo7vpa,memes,CORKEY_BOYE,Its been millions of years since i started searching
qodkn4,memes,distortedbolt,cursed_minesweeper
qogftp,memes,EliAlbers,It's a 50/50 chance every time
qoa8m7,cursedcomments,sajjad_gh,Cursed_Terry
qoc6v4,cursedcomments,Konnakull3s,Cursed_clock
qodjfa,cursedcomments,jamopotato4444,Cursed_Preying_Mantis
qo75kh,cursedcomments,CreamDreamOrig,Cursed_spice
qo72s9,cursedcomments,WontedPuppet07,Cursed_Hopscotch
qoedgn,cursedcomments,Canadaball-1060,Cursed_Ebay
qo9yrd,depression_memes,dead_inside_ha,Can't make mom sad :(
qo8h9v,depression_memes,madaik,being honest
qnw045,depression_memes,Fearless-Crazy6809,Why bother
qo8q67,meme,jarjarsimp,4+3(7-2)3=?
qnzl8k,meme,lostspirit777,"When Americans show u their ""bread"""
qoc9ck,meme,thedemonfemale,Im a helper
qo8o65,meme,djbrain86,You dare challenge me? manager
qoc9uo,meme,PricklyAssassin,*snip snip*
qnydr9,meme,NewAgePhilosophr,Ummmm now what
qnxafg,meme,Gastonbeast24,Think about it...
qo1mxr,dank,CardiologistOne34,Strike me down
qo13dr,dank,Realistic_Layer8540,They don't know...
qoio8m,dank,Material-Koala6962,Life advice
qnunr9,dank,Visible-Ad7740,Stonks are stonks
qoim2u,dank,GlassZealousideal586,apple and pear!
qo1l9j,dank,SampleParty2569,Shame
qoimwt,dank,OneEffect7379,yes-sniff-wtf
qo12h0,dank,Sad-Bowl-1077,It's a hard life
qo2w9o,surrealmemes,soundlesssiren,forgot all passwords dang it. a fair warning for you guys tho >:(
qo93s6,surrealmemes,AnonCaptain0022,Spoiled brat and his (1+8i)st world problems
qfs7sw,Memes_Of_The_Dank,Undercover_TV,That poor man
qo6bwi,okbuddyretard,novaqua1,NOOOO I DON'T WANT ANYMORE CHINESE  (literaly 1974)
qock9u,okbuddyretard,Immediate-Ad-6479,Damn rip
qo9ml4,okbuddyretard,thekeyboard_smash,The skin walker bust a move?!?
qo47y9,okbuddyretard,jklu21,how
qo9jpd,antimeme,VerySweetNoodles,Avocado
qo3vbb,antimeme,Zheniost,Relateable 
qny8xu,antimeme,Moxpec,Society if
qo3xy7,antimeme,AwesomeGuy_59,so true
qob8af,antimeme,Otherwise-Banana7311,We live in a society
qoe14t,antimeme,Soggy_Ad_3127,he does
qnyn80,antimeme,tendencyofbattle,The truth!
qofjw7,Indiangirlsontinder,White_wolfG19,"I'm into dark humor, but bruh!"
qo3yw2,Indiangirlsontinder,georgebool0101,This sub be like
qnujfe,Indiangirlsontinder,nik_cr_7,How shall I ask her number? Kuch creative batado Bois xD
qo6x17,Indiangirlsontinder,StubbornMaverick,Does anyone want to learn English?
qoi1st,bakchodi,bochan_kasukabe,khelo dimag se!!
qo0msf,bakchodi,ttheboi420,Major oof
qny6pu,bakchodi,Happy_Preference_354,My second post. P.s don't thrash me
qo19d6,bakchodi,ttheboi420,
qnxqc1,bakchodi,dillikasunnyyt,Mam par pehle Raju ne kaha tha 10 rs ki Pepsi Teri mummy sexieeeee
qne2u3,bakchodi,Jolly_Skirt_3218,Happy Diwali
qofknr,IndianDankMemes,Alarmed-Ad-436,Big brain time
qo5qzd,IndianDankMemes,mynk23,Gf kal aana.. Jai Shree Ram!! 
qofdd1,IndianDankMemes,karan_kholia,Sigma.jpg
qohw26,IndianDankMemes,NameAlreadyTaken____,Tru hai kya?
qo1vgr,IndianDankMemes,Ok-Ambassador8986,"High effort meme (jo aajkal dikhte hi nahi hai), also for mods..............."
qogxpq,IndianDankMemes,random__potato_,Sigma Raju
qnyr90,IndianDankMemes,DarkSide-DarthVader,Heartwarming
qocieb,HolUp,PapiSneep,bro finna get the death penalty
qo9zs5,HolUp,ItsJaaaaake,Thats a family get together
qofqj0,HolUp,IMgonnaDIEverySOON,"Travis Scott staring at a fan's DEAD BODY while singing YEAHHHHH with autotune . ( 8 people died by getting trampled , heart attack in his concert yesterday . And 300 injured )"
qobcub,HolUp,anon_nonapplicable,Sometimes you grow out of a phase
qr2uab,hmmm,YextFE,hmmm
qr4cg3,hmmm,duck_impregnator9000,hmmm
qr3urj,hmmm,Costemediante,hmmm
qr2ug1,hmmm,YextFE,hmmm
qqpss4,hmmm,YextFE,hmmm
qq37fm,nihilistmemes,Kyoma55,Arrest this man
qrb6af,wholesomememes,VerySlump,I appreciate these moments
qr7gbi,wholesomememes,BWitherty,The Importance of Perseverance
qqz4df,wholesomememes,nUcleah_pOtato194,Insecurities drop to -12%
qp5rhz,reactionpics,AlphaGenesis06,when the cold brew hits
qrcsci,reactionmemes,MittensTheDerp,The flair says it all tho
qpqzbj,reactionmemes,MittensTheDerp,Need a reaction to morbid/cursed things here ya go
qp5739,reactionmemes,MittensTheDerp,For cringe/misspelling errors to I shall present
qosko0,reactionmemes,Johannes_cam,Hurry!
qr93nq,dankmemes,AbduMad,You little sh*t
qr085p,tinder,typotalk,So efficient
qr7uz5,tinder,SUKMEDRY69,Had to unfortunately break it to her
qr2t52,tinder,Udder-Master,Love these types of conversations
qr9fjs,tinder,kidvegan,Can any male relate?
qr32uh,tinder,kavencooo,We did it boys. Guess whose getting his room cleaned 
qr02ye,tinder,Spagletti,Met on Tinder a year ago (first date was a year ago yesterday) and have never looked back 
qqna94,tinder,g0dzilllla,Had a midterm yesterday. Just before the exam started there was this girl next to me I chatted with about the test for a couple mins.. but after it ended I lost her in the crowd. I was pretty bummed heading back to my room until this happened.. what do I do from here? Lmao
qqvocl,tinder,Omniscientdoggo,Me 5 mins later: I forgor 
qqp7q4,tinder,officialTigerRose,Another day in paradise
qr5kk7,memes,lobofett12,"Again RULE 10 - Memes about Death are NOT funny, this also includes Kyle Rittenhouse, Travis Scott concert or anything related to any tragedy memes and will result in a permanent ban"
qraqci,memes,bayron_ramirezz,The greatest fantasy
qrdai5,memes,elch3w,No I am not 15 years old
qr9uu4,memes,beathelas,Boomer Time with Bill Maher
qraxzp,memes,Vision_was_taken,I had a conversation in this sub about hugs and here you go.
qrauja,cursedcomments,Ace_OfSpades_,cursed_Yabba-Dabba-Doo
qr4yrp,cursedcomments,Fiksdal,Cursed full song
qqyto3,cursedcomments,FeistyHaggar,Cursed Toy Story
qr7puo,cursedcomments,yeicore,cursed_ass
qr97li,cursedcomments,YaronL16,Cursed_Brule
qqw00r,cursedcomments,WearyManufacturer860,Cursed Graduation/Abortion
qradvy,depression_memes,Deadpoolio31,"Thought it would be ""poetic"" to kill myself on my birthday but couldn't go through with it"
qr84x1,depression_memes,Tel-aran-rhiod,@ this point it's basically Sesame St...been going since before I was born lol
qquc4f,depression_memes,Menchinelas,No. Sadsturbation yes.
qrapkd,meme,bayron_ramirezz,It was a great achievement
qr9bgc,meme,AbduMad,Hey what are you doing
qqz77t,meme,KnightForceOP,Don't get offended I respect him a lot.
qqym7q,meme,Green-Boysenberry396,A scientific marvel...
qrch8h,meme,HelloMankind,What type are you
qrbdhg,meme,kirito-kun68,This is a meme
qr91ey,meme,pokemonmaster778,It doesn't feel like 8 years ago
qqsa1f,meme,Dedmanalive2006,they exist
qrbfw7,dank,alphaa_qq,Did you know
qqqdmk,dank,Senior-Shelter-2710,It works.
qqq67c,dank,Routine-College8717,We do a bit of trollin
qqq7ec,dank,Mobile-Raise-9768,Neighbour
qqvsjy,dank,Sea-Ad-1412,Help me dear satan
qqqeo2,dank,FinancialCut1636,"I don't participate in No Nut November, but this thought crossed my mind..."
qqwco2,dank,BAGZOMBIEKILLER,Caillou is racism
qq6foy,dank,PlusGood7471,Fortshite
qr6g5m,surrealmemes,Korean_Name,End simulation
qqutgy,surrealmemes,helth-memes,enslaved
qrddxn,Memes_Of_The_Dank,Tchi-wi,This is gonna be great
qr3t7e,Memes_Of_The_Dank,brunetteboyof,Anyone else?
qr2mok,Memes_Of_The_Dank,8evc,This true frfr
qr9u3m,Memes_Of_The_Dank,thatsouthcaNaDaguy,He did SpongeBob dirty too
qr7ewy,Memes_Of_The_Dank,TOXIX5,Oh no my minimum wage job that requires zero effort isn't paying me enough to make a living
qrclur,Memes_Of_The_Dank,WillupDefou,Oof
qr3gfr,Memes_Of_The_Dank,rayt0theray,Pfffft
qrccfd,Memes_Of_The_Dank,Ok_Celebration6760,Here boys use when needed
pitnnp,okbuddyretard,Redditorsion,reminder to visit r/okmetaretard for all your meta needs... and stuff
qr6fqc,okbuddyretard,TheDSIGuy,Inspirational message 
qr5wnk,okbuddyretard,newchoppa5555,Now she look like thsi
qrbaz4,okbuddyretard,cadaverco,Mmmmm 2006 Hummer H3 
qquoje,okbuddyretard,CaesarWalinguini,gaming
qr8vxo,okbuddyretard,KnownNormie,OKBR game night
qqyfpi,antimeme,Poisonous_Cherry,Scientifically accurate
qr5tc2,antimeme,_anmolsingh69,yummy meal
qr6y70,antimeme,Eyeofgaga,She seems nervous
qr8ntr,antimeme,MXTAR89,Most certainly 
qqs7tf,antimeme,vragaprigolubit,I hope I understood the concept lol
qqtx8t,antimeme,Snow_Squid,e=mc2 am I right guys?
qqp759,antimeme,tendencyofbattle,I prefer reading the thin one.
qqkdnr,Indiangirlsontinder,weed_hope,Honestly I don't think I was that cringe. *Cries in loneliness*
qr1u04,Indiangirlsontinder,labyrinthanm,Cries with tanhai
qqsqng,Indiangirlsontinder,StubbornMaverick,Beware  swipe right at your own risk. 
qqq36y,Indiangirlsontinder,zohan943,Let's do some Up-asana?
qrdw4k,bakchodi,nerdy_subha,Sigma rule 33
qqpsqn,bakchodi,nerdy_subha,Sigma rule 6969
qrbpx3,bakchodi,hritik_rao,"What i mean when i say "" Land ki shakal ke """
qqsuvd,bakchodi,ScorchedMagic,Nepali movie - Tiger fight scene
qqlftf,bakchodi,labyrinthanm,Dag dag dag dag dag dag dag..
qrcgo8,IndianDankMemes,Key_Shelter_2549,Anurag Kashyap >>> Christopher nolan
qqv4pn,IndianDankMemes,Jeenius69,Aot dekho
qqydma,IndianDankMemes,0narutoxuchiha0,Kwality shitpost
qr0fz4,IndianDankMemes,Sphygmomanometer_02,NNN karne waalon ke liye ek sigma rule
qrdjhg,IndianDankMemes,_SIRIUS_BL4CK_,Video dekhna idhar kya dekh raha hai
qrbluz,IndianDankMemes,Most-Tea-1096,Sigma level +999 kill beta and alpha male
qr2ork,IndianDankMemes,damn_joker10,Yesn't.
qr5yde,HolUp,creampieyourself,Least he finished
qrapgu,HolUp,jse_memelord,Spidey Wilding for this!
qr85qp,HolUp,Entire_Evening_602,Da fuck they doing over there
qr6m13,HolUp,saucekiing,wait
qvi1yz,hmmm,YextFE,hmmm
qvuf2e,hmmm,YextFE,hmmm
qvmicl,hmmm,totalinfonet,hmmm
qvhveb,hmmm,YextFE,hmmm
qvuk1y,hmmm,seven_critical_blows,hmmm
qv46ut,hmmm,YextFE,hmmm
qvnebi,nihilistmemes,kelliecrystalbelle,
quuk75,nihilistmemes,BeautifulAndrogyne,
qtkos3,nihilistmemes,kelliecrystalbelle,
qvrynu,wholesomememes,TheTiniestGhoul,Lovely recharge
qvc0ex,wholesomememes,biscuitbutt11,"Brave, indeed."
qvsfjo,wholesomememes,Realmofpeace,Lost and found
qv9men,wholesomememes,WearyFighterBird,Best stress-reliever.
qvpebw,wholesomememes,Ishkavov,I get to relax now
qvom92,reactionpics,TheLordOfCringe,I find this screenshot very useful
qv5ln9,reactionpics,HopefulAd2605,cardiac arrest
qv9dul,reactionpics,WeissRosee,for when the police needs to be called
qv97bt,reactionpics,WeissRosee,for when you feel old (club penguin)
qv9ac3,reactionpics,WeissRosee,comfort is needed
qu474y,reactionpics,AstralCat69420,"We found the holy grail of reaction memes, everyone!"
qu6yub,reactionmemes,MittensTheDerp,Shut
qud3lj,reactionmemes,Quackston_Hale,"This may have been posted before, I don't know"
qth1k0,reactionmemes,MittensTheDerp,Horny jail
qsonmq,reactionmemes,Nyaerin,stupid
qspf4a,reactionmemes,MittensTheDerp,"get it, GET IT!"
qviwac,tinder,jcariozv,Generous and kind
qvrk76,memes,lookinsidemybrain1,"No, your movie just sucked"
qvv1j7,memes,Maeble_Sean,I wish I was joking
qvsh9k,memes,Shrek_The_Funny,To all the girls who don't care about height - You're a legend
qvu7vb,memes,JayPr02,Longer than your mama thought
qvtnae,cursedcomments,arnoob_gooswami,Cursed_Xmas
qvr9qp,cursedcomments,BlackfireX009,Cursed_zoo visit
qvu02u,cursedcomments,AnzueloAspersor,cursed_guineapig
qvuous,cursedcomments,7Tups,Cursed_Dog
qvuthc,cursedcomments,Schrodinger_007,Cursed_Man Injector
qvv044,cursedcomments,Intelligent_Echo_409,Cursed_Protocol
quwn2w,cheemsburbgerlore,ketchupisgud,Cake day
qv02gf,cheemsburbgerlore,Ryandutson93,No title needed
qtzjyl,cheemsburbgerlore,Affectionate-Fee5337,I made this
qvkvy1,depression_memes,oatmealtaint,My thoughts exactly
qv96mw,depression_memes,Revolutionary-Emu269,Find out how at lostallhope.com!
qvquxd,depression_memes,amitpar90,Summarizes my stance neatly....
qvucrr,meme,Osc4rr07,F
qvqs5g,meme,Malphoenix95,"Tbh, I'm not surprised"
qvo8f7,meme,88T3,Wikipedia isn't that bad
qvjc0d,meme,Osc4rr07,My last 4 brain cells
qvsoz2,meme,PerryAnderson65,On snapchatt you can even make a whole farm
qvdne5,meme,__Okra__,Just me?
qvp5u0,meme,Minecraftboi2008,No this isnt a repost. Even look at my profile
qvtrhh,meme,ErkanKimKi,Graphics: Low
qvsp3t,meme,christinacooper186,Better late than never.
qvvw8o,meme,lugovskojm,Peppa boss
qvmn7u,dank,Ego_Sum_Lux_Mundi,I love this sound
qv9b2d,dank,Equivalent_Style_683,Everything makes sense now
qva94n,dank,MixtureResponsible51,I don't flirt anymore
quzs1v,dank,Good-Explanation8236,Running on E
qvaaa8,dank,Connect_Spread_650,Based on a true story
quys65,dank,BlackGreninja1,True masterpiece
qvh0rx,dank,Pretty-Excitement-79,It's not pre-marital if you don't get married
qvreaj,surrealmemes,Ok_Security_5164,"Im a joker, Im a smoker, me, digital, 2021"
qv9k04,surrealmemes,bigSpear_broker,Back up now
qvk9lu,Memes_Of_The_Dank,EatenZombie,Well. You cant beat that.
qvp19q,Memes_Of_The_Dank,AlcatraZek,It's been a wild ride so far bois. Here's to 5 more years.
qvddym,Memes_Of_The_Dank,gibbonmann,"Its mega, man"
qvag3s,Memes_Of_The_Dank,MememasterSamlol,Hold on
qvk923,Memes_Of_The_Dank,EatenZombie,*halo music starts playing*
qvuad0,Memes_Of_The_Dank,happynoodleboy69,And then I went Pew Pew Pew
qvg0rc,Memes_Of_The_Dank,Spudge234312,My first meme
qvnss4,Memes_Of_The_Dank,EatenZombie,Justin
kjtgfy,okbuddyretard,Redditorsion,Merry Christmas buddies and retards! Enjoy this spectacular sexy cool funny video from le mods!!!!!!
qvfif4,okbuddyretard,YallSkinnyHorseZack,my pet fly
qvqkt4,okbuddyretard,stockss_,og trolface
qvrj87,okbuddyretard,ok_then82829,True 
qvl7k7,okbuddyretard,PASTA-CAMEL,"Kyle, boy's can't go in there because it's the girls room"
qvtg4b,okbuddyretard,Wingdings_Master,Ujel
qvlg8q,antimeme,Youngling_Hunt,This not a drill
qvw8sq,antimeme,pavledj4p1c,Admit it
qvlpas,antimeme,NiceGuy303,Mafs b liek
qvulbd,antimeme,tendencyofbattle,The most durable chair ever
qvaem8,antimeme,Mobile_Captain535,Well yes
qvpid3,antimeme,Z-coolest0,Did I do this right?
qvrs05,Indiangirlsontinder,the_rookie_master,Should I tell her you cant bl*w me?
qvpr1b,Indiangirlsontinder,pooravbansal,Bring it on boys!
qvvykj,Indiangirlsontinder,xelerite8,Aur kuch???
qvua3q,Indiangirlsontinder,-nEEnja,Aisi quality kahan hi milegi
qvaawq,bakchodi,martin_garrix14,oh allah the almighty
qvx8be,bakchodi,bochan_kasukabe,late...
qvqn25,bakchodi,InternetOfficer,spelling ur name with ur body...
qve2ei,bakchodi,caansh,Never ending Janta curfew
qv33vl,bakchodi,manu12_07,Same story everyday
qvfanc,bakchodi,harshhhdev,When Biharis get into programming:
qvq1y5,IndianDankMemes,creature_was_shit_69,"Based on a true story, but my reflexes didn't support me."
qvnwym,IndianDankMemes,Legionoo7,Mujhe Aaj Kal India ki bahoot fikar pad gayee Hai mere newyork Ke apartment may reh kar
qvse4a,IndianDankMemes,Lokesk,Astroworld
qvsln3,IndianDankMemes,kothrudkar,Bring back State stereotypes memes...
qvparx,IndianDankMemes,One_Turnover_8350,Nature giving me signs during NNN
qvv3mg,IndianDankMemes,skeletonhottie,13days to go
qvtm78,IndianDankMemes,rehan_27,after touching a girl hand for the first time and ejaculating due to erectile dysfunction
qvui48,HolUp,503gmguy,Wtf lol
qvnrqo,HolUp,ilickgrandmas,This is a real ad what the FUCK is that supposed to mean 
qvs2ae,HolUp,s0rtajustdrifting_,Asking all the right questions
qvrpfk,HolUp,Constant_Whereas5946,Vroo Vroom
r7btc7,hmmm,Marwen_the_Paladin,hmmm
r7ezm3,hmmm,vmos,hmmm
r7mmz3,hmmm,Ltnumbnutsthesecond,hmmm
r7b8w4,hmmm,malayang_uri,hmmm
r7kxt4,hmmm,imakemediocreart,hmmm
r6x7x5,hmmm,tehgerbil,hmmm
r6db81,nihilistmemes,Bakbik1234,Corporate needs you to find the difference between these two pictures
r6jdak,nihilistmemes,badrandolph,Day 157
r62hje,nihilistmemes,AnCap_Wisconsinite,True
r7i8i1,wholesomememes,bakadreams,In case you needed this today :D
r7p23p,wholesomememes,delusionsheeep,The world of imagination
r79ciz,wholesomememes,Daddys_Lil_Monster_,Blessings for the new year
r72d4b,wholesomememes,when-the-fart,"Thought I'd share this for anyone who needed to see it (Not OC, credit in comments)"
r5zl5r,reactionpics,HornyForTohruAdachi,spanish rei has a stroke
r0dhtm,reactionpics,Impressive_Ad_6168,"Always a fun reply to ""How was your doctor's appointment?"""
qzk7pt,reactionpics,,mutual ceremonial worship
qym2jv,reactionpics,MKEJackal,This should also count as disappointment.
r7k1sl,reactionmemes,AditPlayz57,oh no! anyways...
r7k2af,reactionmemes,AditPlayz57,when reddit sus
r5q8bg,reactionmemes,AditPlayz57,In an alternate dimension...
r5sth7,reactionmemes,itsMemesOrNothing,ThatVeganTeacher is essentially dead
r5x37z,reactionmemes,tampods,future me if ONE more minor inconvenience happens today
r5tk1z,reactionmemes,tampods,the way i havent been on here in a year
r2r0gr,dankmemes,ThunderDucc,"""We are not the same"" IS YOUR OCTOBER 2021 MEME OF THE MONTH!"
r7lu6a,dankmemes,lizurd777,"Monke see, monke do"
r7iy1k,tinder,VinBaek,Can I get some help with an opener?
r7jtka,tinder,808sAndHate,P O T A T O
r7a5i6,tinder,qs_nova,Mission failed successfully
r73biv,tinder,Kazenikura13,Not sure what to respond to this 
r76fcb,tinder,spartan01268,Im amazed this worked
r7fxnu,tinder,Burgers_tacos,I guess she didnt want my diamonds 
r7au05,tinder,LordishXO,Master Skywalker?
r6z8nu,tinder,M_Faisal,I feel like this belongs here
r7h18g,memes,lobofett12,These templates and others asking to add to post and repost are Mass trends and similar to chainposting. They will result in a ban.
r7nofn,memes,Deadshot-OP,How to become the richest in the world.
r7ekt3,memes,QuizureII,He really is walking his fish
r7inv5,memes,where-serotonin,Just a theory though
r7m6vx,memes,andrew10069,the red line has spoken
r7ghka,cursedcomments,Nocrantus,cursed_exclusive
r7n6me,cursedcomments,Cultural_Rise9388,Cursed_machine
r7k4p4,cursedcomments,Im_Luc1d,Cursed sex
r78w37,cursedcomments,Escanor012,Cursed_Bromance
r78dd6,cursedcomments,OxygenInhalingHuman,Cursed humor
r3xmg5,cheemsburbgerlore,popeenaa,My shower thought
r3ih9z,cheemsburbgerlore,groinmissile,Begone wench
r787j2,depression_memes,hoplitelyfe,
r79gtu,depression_memes,bluedoser,"idk if it was here, but this is mood"
r7h6ug,depression_memes,Ajarmoney,Depressed depression
r7l5yw,meme,Big-Appointment1989,starting out in a nutshell
r74v9i,meme,the_physics_bro,Btw what are you watching tonight...
r7gdlf,meme,dr_Loos3dWhale,Ernie.. ._.
r78gny,meme,metal_door_,I'll agree no matter what it is.
r7ms31,meme,EatenZombie,YouTube team in 2031 be like:
r79kcy,meme,UnwantedJason,Better listen
r77hoc,meme,dr_Loos3dWhale,Haha USA health care go brrrr
r78u9b,dank,ApprehensiveDeal2383,"Waste of money, didnt even cum"
r7752x,dank,madarhoe,J
r7jh2o,dank,Thickcubanboi,
r78w5w,dank,SeasonApprehensive52,Sorry dad
r7901g,dank,InsideSkirt2530,This is probably true
r6c02t,dank,Phokiii,Gimme some of that tasty red lube
r7eag4,surrealmemes,Bigbilly_whiz,Caution: the text below is crrptd
r7io48,surrealmemes,skylifeplays,we sell them at FLOORMART.
r77zk3,Memes_Of_The_Dank,MrVanix,That one guy
r75a75,Memes_Of_The_Dank,Globalbooknet,Something went wrong right? 
r7kugo,Memes_Of_The_Dank,Omega_Pulse25,When will it be my turn
r6ul2y,Memes_Of_The_Dank,Globalbooknet,Guess?
r7e3tn,Memes_Of_The_Dank,Hunt_Upstairs,Ok wow
r74mv7,Memes_Of_The_Dank,jainviral75vj,Light Is important
r71cix,Memes_Of_The_Dank,ParkourGhost_95,Well Fuck
r7ma2x,okbuddyretard,bitterclit,10 years in a row 
r7fca9,okbuddyretard,SomeRedditorOnReddit,lmao Alvin and the monks suck
r77djm,okbuddyretard,SenpaiMemeLord,fart poop
r7k5g2,okbuddyretard,Impossible_Test5258,mmm very big boobs watch for big boobs very big boobs like t rex big bobs !!!!!!
r7lfng,antimeme,lalalegion,The song is a banger
r77xvb,antimeme,jeswius,Caption.
r7c8gm,antimeme,wilmeist3r,Tony Hawk of Skateboarding
r777bs,antimeme,nerdoron,waiting in a car
r7bs8f,antimeme,BrandonCamp558,"Ah yes, Superman is an idiot"
r7283i,antimeme,BOb_likes_chikkens,A simple question.
r7pgau,antimeme,No_Discount_132,everyone stfu he's calculating
r77tjn,Indiangirlsontinder,elliott_anderson1,We're going straight to Doggy after Dogs 
r6yfwd,Indiangirlsontinder,_Send_Bobs_,Bhai log apni Biwi Ko Sambh ke rkho!
r7eo8z,Indiangirlsontinder,Duty-Better,Well she said she is a software engineer
r2p9hp,bakchodi,InternetOfficer,Honoring the victims of 26/11. Never forget
r79ptd,bakchodi,bochan_kasukabe,Dukh dard !!
r71mdi,bakchodi,SatisfactionEntire51,Ab rickshaw chala raha hu lekin introvert hu isliye customer se paise nhi maang pata
r73h12,bakchodi,mrVENOM-001, work
r77ojk,bakchodi,ass_ass__in,Lol
r759nf,bakchodi,SatisfactionEntire51,Lakshya Chaudhary got post nut clarity
r7et6a,IndianDankMemes,Sagnik_thememer,A trip to THOSE BEUTIFUL DAYS...<3
r7mrdt,IndianDankMemes,Vivid-Cryptographer6,Johnny Bhais sad story 
r7b361,IndianDankMemes,Zealousideal_Till327,___^_^____
r76tc7,IndianDankMemes,lesbian_cow420,An interesting meme
r79t3z,IndianDankMemes,akad_bakad,titlee
r74jpi,IndianDankMemes,modiischad,Tumlog bas hidu pe jokes kyun maarte ho
r71nql,IndianDankMemes,MadaraChuchiya,Haan bhai I love momo
r7hyrn,HolUp,shried_frimpp,My recruiter sent me butt pics the mornin
r7k493,HolUp,Majesty1337,Feels like some people forgot what this sub was about because all im seeing are just stupid ass memes lately.
r7mi1o,HolUp,colorfulsoul_,Precisely accurate
rc0kat,dankinindia,CarnageIsHigh,"Not a meme ofc but a request , Please don't make any memes on Late Gen Bipin Rawat ."
rcqex6,hmmm,westdraco,hmmm
rctikk,hmmm,b3n_dav0,hmmm
rctmbe,hmmm,Axiomatic_Payment_,hmmm
rcdx7v,hmmm,iEskimofo,hmmm
rcvmug,hmmm,Certified_human1,hmmm
rct8zo,nihilistmemes,Low-Entropy,The Void
rc0fyb,nihilistmemes,Bakbik1234,Glonk
ra8o48,nihilistmemes,kelliecrystalbelle,
rcuvzl,wholesomememes,Prestigious_Cup_8929,Makes me feel good not gonna lie.
rcym5t,reactionpics,fgebgruhg,Found this gem while watching Death Note
rcu87s,reactionmemes,RobotRollCall920,When your s.o. wants to try anal and youve never done it before.
rcjl1z,reactionmemes,killingmemesoftly,Outrageous
rc7v8k,reactionmemes,daalmightypotato,Intrigued.
rbx5w3,reactionmemes,McLovinn022,drink H2O OR ELSE
rbk79k,reactionmemes,RadsXT,When it's just not Okiliy Dokilie
rartoh,reactionmemes,Quackston_Hale,
rcqn0i,dankmemes,dogtron64,Ew such greedy scum!
rcq8nl,tinder,lakri99,Fair trade
rcp7m6,tinder,MuchTransportation68,is this a good pic to add on my profile
rcucn7,tinder,jerbearman10101,A blunder 
rcla2v,tinder,ooopz-i-did-it-again,Yummy!
rcrhil,tinder,Senenter,I have been blessed this day
rce4z2,tinder,Ioanie,I think I went a bit overboard
rcsnwi,tinder,ArgentinizedViking93,Greenpeace approves
rcovfu,tinder,New_Ad2109,Just saw this and it made my morning
rcr5n1,tinder,ProphetX252,The second I turned 30 i stopped getting matches
rcgur7,tinder,confus3dp,Am I the only one that gets annoyed at people for over using abbreviations and expecting me to google translate what they're saying ?
rcv39c,memes,Kellogs_cereal2,I hate my username so much now
rcrsue,memes,Quantum_Cosmos,Everyone understands Banana
rct2v5,memes,VIP0403,It's the law
rcp36e,memes,The-eff,Whats 15 minutes more honey?
rcsawi,memes,MightyNinjaElf,some of the life hacks aren't useful
rcsawn,cursedcomments,Deer6756,cursed_date
rcr6az,cursedcomments,cartoon_Dinosaur,cursed announcement
rcmysi,cursedcomments,NotImportantHuman20,cursed_alligator
rctfen,cursedcomments,powdered_cows,cursed_kfc
rcu6qp,cursedcomments,Gae_sidekick,Cursed rhyming
rcob9a,cursedcomments,sweitz2013,Cursed_consent
rc12it,cheemsburbgerlore,brokebot,At the height of Cheems mania
rai5hu,cheemsburbgerlore,yayeetboi123,Cheems looks a little different here
r8zrjv,cheemsburbgerlore,flatstapes,Riley Cheems
rcujev,depression_memes,dg_sofius,anyone?
rcf15p,depression_memes,ComfyHikiandNeet,When feeling suicidal is already normal for you
rcl4rl,depression_memes,osvetljivyi,ah what a life
rcpaa1,meme,The_Chosen_one_6-9,idk who they're tbh but this looks like a good template
rcsfcy,meme,MarinatedBarnacle,this is true to an extent
rcyse6,meme,lieutenantpandaz,rip my brothers
rcf2ty,meme,iTarZan525,Easy
rcgcac,meme,carpenoctem_rdt,Didn't expect this
rcw37h,meme,CompleteAccident1400,It is clearly superior.
rcyytc,dank,AbroadApprehensive23,5rd time??
rczqaq,dank,allmightygodbutepic,"Thanks, I hate Flortaly"
rci5na,dank,ConsiderationOld2231,Crikey
rccm8w,dank,italid,she fund it
rchvws,dank,Alarmed_Ride7090,Dirty boy
rcdxf4,dank,AvocadoAK47,fuck mcyts
rcqey1,surrealmemes,gdesuyis,well they have a point
rcct0o,surrealmemes,Lozmosis,merry (x/tan(cos(x/4)*y/z)/(tan(y)^2))/16mas
rcf2mq,Memes_Of_The_Dank,iTarZan525,Easy
rchebw,Memes_Of_The_Dank,ChainRegular6258,is it possible to learn this power?
rcnscg,Memes_Of_The_Dank,Globalbooknet,No ice or Noice 
rcsokm,Memes_Of_The_Dank,hellblazer2402,100 Kelvin 
rcueqw,Memes_Of_The_Dank,TB32300,And we ain't the main character either
rcyypq,Memes_Of_The_Dank,Shashwat31072008,Ok
rcysrd,Memes_Of_The_Dank,SugarWereGoinDown91,Being 5 tall has its advantages!
rcn8tk,Memes_Of_The_Dank,WeaknessAmbitious359,Youtube better stop playing
rckzvg,okbuddyretard,KnownNormie,I don't touch my anus (straight) 
rco7i3,okbuddyretard,mernkale,I AM ON THE GRIND 
rchygs,okbuddyretard,WTFricc,I like juice
rcf4u6,okbuddyretard,Mr-pizzapls,When y see it 
rcnl00,antimeme,nessthefresh87,When you bite the hamburger
rcpkm6,antimeme,BitminIsGhost,add a new rule
rcsv6l,antimeme,notsciguy,People who go to work be like
rcpohv,antimeme,K_Bum,Certified can't
rceyc2,antimeme,gumboy_,This part doesnt matter
rcwmdp,antimeme,zazazrn,He might be right
rchp6z,Indiangirlsontinder,brainskull98,:)
rcbx0q,Indiangirlsontinder,Anxious_Advance8826,I know I asked for it but I wasnt ready for it to be this dark
rcdz6z,Indiangirlsontinder,kovidMir,"Hey Bhagwaan utha le re, mujhe nahi but aisi ladkiyon ko. Sabh chahiye but return main kuch bhi nahi milega."
rcj4z3,Indiangirlsontinder,Akshay9971,Joined Bumble a week back.. is this a trap?
rcpx59,bakchodi,maifee,Kyun kisi ko khushi ke Badle khushi nahin milti
rca8go,bakchodi,InternetOfficer,India or Bharat?
rcg51t,bakchodi,yw7y,Sunday ho ya Monday roz khao
rd08pg,bakchodi,Almost_Infamous,Don't you dare doing that with goats I warn you..
rc9sgh,bakchodi,LilFingaz,Get it?
rbo5gl,bakchodi,iMangeshSN,India or Bharat ? 
rcjtnj,IndianDankMemes,alertsaucer5,Report anything that you find inappropriate or not fit for this sub
rcjkz2,IndianDankMemes,PuddingPositive9158, -  supremacy 
rcj8xv,IndianDankMemes,pinkcheems,Mera yashu yashu
rcjurf,IndianDankMemes,Just_friend_420,come back good old days
rcfq4x,IndianDankMemes,Aniruddh_Thapa,Rancho leaves the chat
rcmjup,IndianDankMemes,itzAddy69,Rest In Power Sir
rcx9ke,IndianDankMemes,AG5999,When you wanted to be a gamer but your parents wants you to be a news anchor
rcjt6g,IndianDankMemes,deeprodge,Human calculator vro
rcmu6b,HolUp,Saul_g0od,Epstein & Ghislaine at Queen Elizabeth's log cabin (confirmed by BBC to be same cabin). Using this sub as an outlet since r/pics and any news sub won't let it stay up. Actual real life holup.
rco9st,HolUp,fuckbreathing,3 inches is enough
rcpulg,HolUp,defastdecurious69,Talk about on the go service
rcqhba,HolUp,DaBeastGeek,An ancient coin I found
rdg0m7,hmmm,imakemediocreart,hmmm
rdirmx,hmmm,MysteriousGear,hmmm
rde4ye,hmmm,LordCog,hmmm
rdunyd,hmmm,itshimstarwarrior,hmmm
rdtojo,hmmm,EirunaKonaka,hmmm
rd9ghx,nihilistmemes,gautam_777,.
rdf5ui,nihilistmemes,TheMysteriousThought,i didnt get the job
rdt4vd,wholesomememes,Wholan7,stay strong
rdrrk3,wholesomememes,raydenbrough,Friendship...
rdtrnm,wholesomememes,kittenmitten224,Just one flower tall ()
rds501,wholesomememes,m48_apocalypse,I never realised how much I missed my familys cooking until I moved for college
rdox3l,wholesomememes,Child_of_the_Abyss,Grandma's are the best
rdelms,reactionpics,kallaha100,LMFAO
rdp96m,reactionmemes,Walnettos,Its Bonking time
rdl89d,dankmemes,Tacenda49,Mission impossible
rdkqkv,tinder,Seenshadow01,Best response to an unsolicited dick pic 
rdcxq8,tinder,blainard,Umm wow
rdlxbg,tinder,Sota941,Well I never expected to be able to use this 
rdlvq5,tinder,Separate_Feeling2798,"It's easier to say ""Good, yours?"" than explaining life problems."
rdujyf,tinder,Agitated-Ganache8394,TINDER REWIND xD 
rdk1kf,tinder,Mr-sabrah,An interesting title
rd5yog,tinder,michael_is_my_name,"She offered to do my groceries and smash, have I found the one?"
rd9o91,tinder,snodderly24fi,She was looking for a good pickup
rdibh9,tinder,BossBurrito,Asking only the most important questions
rdsd31,memes,happyshark20019,I genuinely can't imagine what it feels like
rdtlyx,memes,Addtheflame,I am not fat
rduaey,memes,REID-11,Any other examples?
rdpko6,memes,NewAdagio2813,I think that's the most important step
rdshco,cursedcomments,Gonna-die-probably,Cursed blowjob
rdm86o,cursedcomments,ItsameMiririo,Cursed_penis
rdmnbb,cursedcomments,BeerAndaBackpack,Cursed_Coffin
rdget9,cursedcomments,Temporary-Cow9498,Cursed_marriage .
rddv69,cursedcomments,seifAllam0704,Cursed_Art
rdf5vg,depression_memes,miguelopop,It never stops
rdjmtd,depression_memes,offthelipmnvnvxz,The pain
rdtb6r,depression_memes,sadpinkgirl,the accuracy
rdp0ny,meme,Secure_Candy6472,Who are these people
rdtkqk,meme,Serg3ant_Redd1tor263,Ten seconds of the most uncomfortable small talk ever
rdbts4,meme,aaravaryaman,"Yeah, this is big brain time"
rdlrxd,meme,MarinatedBarnacle,we are joke
rdrcpz,meme,Meemr_bob,Grrrrrr
rdrh1m,meme,Endblow,How do you like me now?
rdaw97,meme,NefariousnessBusy402,Let's see what happens in 2022...
rdlm5v,meme,LiaRoxanne,good job youtube
rdapby,meme,Powder9,"Not even mad, just impressed"
rdfehf,dank,SinghAyush007,"""It's not always about the money spiderman"""
rd5hkf,dank,MakeMeRichIDC,I hate dark air
rd906e,dank,allmightygodbutepic,ChOiCe K
rdq53f,Memes_Of_The_Dank,kratomqueen1836,he's got no idea
rdfmmn,Memes_Of_The_Dank,happynoodleboy69,Hang in there big guy.
rdqx73,Memes_Of_The_Dank,Shashwat31072008,Fair enough
rdr1j5,Memes_Of_The_Dank,Shashwat31072008,idk
rdr22v,Memes_Of_The_Dank,Shashwat31072008,Here i come
rdqyxa,Memes_Of_The_Dank,Shashwat31072008,Great quotes
rdpfu4,Memes_Of_The_Dank,ChainRegular6258,relatable for the boys
rd0g5l,Memes_Of_The_Dank,Shashwat31072008,Meds in a nutshell
rdlcvv,okbuddyretard,blackmarket4memes,Smort move
rd9won,okbuddyretard,LeonBLOX,GUYS I FOUND IT OMG!!! 
rd66oz,okbuddyretard,No-Mobile1568,What if I don't want to share them 
rdphbf,okbuddyretard,SkizzleSkizzle,if you use rage spell you SUCK GAY PENIS
rdgowe,okbuddyretard,no_vxnity,haha cex
rdek91,antimeme,Bnndrr,Thirsty mfs be like:
rdiab5,antimeme,death_panda472,an honest map of america.
rd8bad,antimeme,kareembaqi,Ice cream
rdreov,antimeme,TheOriginalCell,I spent too much time finding 2 semi similar banana pictures
rdg8um,antimeme,death_panda472,spain called it something different.
rdjpof,antimeme,onii-chan_UwO,I'll wait
rdpn7y,Indiangirlsontinder,nightsurfer1,Tinder Insights hitting with a reality check :)
rduey7,Indiangirlsontinder,Agitated-Ganache8394,TINDER REWIND xD 
rds5fg,bakchodi,aatishiludo,Pakistani scammer confronted by 2 indian teens
rdtnma,bakchodi,prashant_kundu,What's going on BC !!!
rdsgpx,bakchodi,ttheboi420,Fin
rd8ppm,bakchodi,maifee,!>Strong<!
rdvmpz,bakchodi,maifee,How is the josh?
rdvnw9,bakchodi,VaisThakur,Reality is often disappointing
rdul3t,bakchodi,Pankaj135,It really does end all comments
rdtebx,IndianDankMemes,Burningshield24,When u kno you never gotta chance
rdq43k,IndianDankMemes,DEADSHOT3219,Kya mtlb 3 hafte mein saal khatam
rdr7pr,IndianDankMemes,CraftMysterious1498,Kya matlab mandi ke kacche
rdsfmm,IndianDankMemes,end_9214,"Koi dikkat nhi bhaio, 2 saal nikal liye aab thode din or mehnat kerni hai .. ""TAAL MAI BHANG NA DAALO"""
rdeguz,IndianDankMemes,-Cock-Rider-,Khaana khaana chodh do ab sab
rdppzn,IndianDankMemes,TR__LEON,Instagram filter op
rdv40h,IndianDankMemes,ITSARYANS77,D!k head
rdtd68,IndianDankMemes,SoumikSays07,F*ck patriarchy
rdt3ep,HolUp,rak77,mission accomplished
rdpgz3,HolUp,PorkyPain,Question for the men
rdkdml,HolUp,Limdis,Homeschooling is getting out of hand
rdl8yq,HolUp,Mitsotakis_sussybaka,He definitely saw that girl from somewhere
